full_name,stars,watchers,forks,stars_delta,watchers_delta,forks_delta,url
shareAI-lab/learn-claude-code,71126,71126,11564,4,4,0,https://github.com/shareAI-lab/learn-claude-code
ChinaSiro/claude-code-sourcemap,9549,9549,14689,0,0,-1,https://github.com/ChinaSiro/claude-code-sourcemap
Alishahryar1/free-claude-code,40325,40325,6594,41,41,7,https://github.com/Alishahryar1/free-claude-code
pengchengneo/Claude-Code,1660,1660,2538,0,0,0,https://github.com/pengchengneo/Claude-Code
hesreallyhim/awesome-claude-code,50102,50102,4365,4,4,-1,https://github.com/hesreallyhim/awesome-claude-code
shanraisshan/claude-code-best-practice,62697,62697,6267,32,32,3,https://github.com/shanraisshan/claude-code-best-practice
davila7/claude-code-templates,29558,29558,3243,10,10,0,https://github.com/davila7/claude-code-templates
musistudio/claude-code-router,35821,35821,2957,2,2,1,https://github.com/musistudio/claude-code-router
LING71671/Open-ClaudeCode,918,918,1219,0,0,0,https://github.com/LING71671/Open-ClaudeCode
Donchitos/Claude-Code-Game-Studios,23035,23035,3299,5,5,0,https://github.com/Donchitos/Claude-Code-Game-Studios
VoltAgent/awesome-claude-code-subagents,23365,23365,2725,9,9,-1,https://github.com/VoltAgent/awesome-claude-code-subagents
oboard/claude-code-rev,3255,3255,3824,0,0,0,https://github.com/oboard/claude-code-rev
ponponon/claude_code_src,2318,2318,3543,0,0,0,https://github.com/ponponon/claude_code_src
anthropics/claude-code-action,8365,8365,1973,3,3,1,https://github.com/anthropics/claude-code-action
Piebald-AI/claude-code-system-prompts,11840,11840,2010,2,2,1,https://github.com/Piebald-AI/claude-code-system-prompts
liuup/claude-code-analysis,3553,3553,1966,0,0,0,https://github.com/liuup/claude-code-analysis
pedrohcgs/claude-code-my-workflow,1408,1408,2780,0,0,0,https://github.com/pedrohcgs/claude-code-my-workflow
diet103/claude-code-infrastructure-showcase,9742,9742,1213,0,0,0,https://github.com/diet103/claude-code-infrastructure-showcase
ykdojo/claude-code-tips,9292,9292,734,4,4,0,https://github.com/ykdojo/claude-code-tips
frankbria/ralph-claude-code,9537,9537,727,1,1,0,https://github.com/frankbria/ralph-claude-code
chauncygu/collection-claude-code-source-code,2757,2757,2431,0,0,0,https://github.com/chauncygu/collection-claude-code-source-code
hangsman/claude-code-source,787,787,1759,0,0,0,https://github.com/hangsman/claude-code-source
lintsinghua/claude-code-book,3941,3941,795,0,0,0,https://github.com/lintsinghua/claude-code-book
ChrisWiles/claude-code-showcase,5991,5991,560,0,0,0,https://github.com/ChrisWiles/claude-code-showcase
wanshuiyin/Auto-claude-code-research-in-sleep,13452,13452,1213,3,3,0,https://github.com/wanshuiyin/Auto-claude-code-research-in-sleep
huangserva/claude-code-cli,620,620,1306,0,0,0,https://github.com/huangserva/claude-code-cli
OneRedOak/claude-code-workflows,3883,3883,564,1,1,0,https://github.com/OneRedOak/claude-code-workflows
FlorianBruniaux/claude-code-ultimate-guide,5458,5458,718,0,0,0,https://github.com/FlorianBruniaux/claude-code-ultimate-guide
nicedreamzapp/claude-code-local,2940,2940,562,0,0,0,https://github.com/nicedreamzapp/claude-code-local
zebbern/claude-code-guide,4407,4407,448,0,0,0,https://github.com/zebbern/claude-code-guide
1rgs/claude-code-proxy,3692,3692,481,0,0,0,https://github.com/1rgs/claude-code-proxy
anthropics/claude-code-security-review,5552,5552,595,2,2,1,https://github.com/anthropics/claude-code-security-review
lorryjovens-hub/claude-code-rust,1670,1670,638,0,0,0,https://github.com/lorryjovens-hub/claude-code-rust
rohitg00/awesome-claude-code-toolkit,2326,2326,810,3,3,0,https://github.com/rohitg00/awesome-claude-code-toolkit
disler/claude-code-hooks-mastery,3830,3830,628,0,0,0,https://github.com/disler/claude-code-hooks-mastery
zstmfhy/Claude-code,190,190,284,0,0,0,https://github.com/zstmfhy/Claude-code
Windy3f3f3f3f/how-claude-code-works,3176,3176,671,0,0,0,https://github.com/Windy3f3f3f3f/how-claude-code-works
Maciek-roboblog/Claude-Code-Usage-Monitor,8450,8450,433,0,0,0,https://github.com/Maciek-roboblog/Claude-Code-Usage-Monitor
alejandrobalderas/claude-code-from-source,2719,2719,742,0,0,0,https://github.com/alejandrobalderas/claude-code-from-source
777genius/claude-code-source-code,919,919,1098,0,0,0,https://github.com/777genius/claude-code-source-code
affaan-m/ECC,230122,230122,35221,41,41,8,https://github.com/affaan-m/ECC
RichardAtCT/claude-code-telegram,2730,2730,401,0,0,0,https://github.com/RichardAtCT/claude-code-telegram
fuergaosi233/claude-code-proxy,2736,2736,406,0,0,0,https://github.com/fuergaosi233/claude-code-proxy
ding113/claude-code-hub,3245,3245,376,0,0,0,https://github.com/ding113/claude-code-hub
kodu-ai/claude-coder,5259,5259,198,0,0,0,https://github.com/kodu-ai/claude-coder
fazxes/Claude-code,225,225,215,0,0,0,https://github.com/fazxes/Claude-code
Yuyz0112/claude-code-reverse,2399,2399,406,0,0,0,https://github.com/Yuyz0112/claude-code-reverse
multica-ai/andrej-karpathy-skills,192796,192796,19821,35,35,8,https://github.com/multica-ai/andrej-karpathy-skills
SeemSeam/claude_codex_bridge,3268,3268,318,0,0,0,https://github.com/SeemSeam/claude_codex_bridge
Cranot/claude-code-guide,2843,2843,320,0,0,0,https://github.com/Cranot/claude-code-guide
luyao618/Claude-Code-Source-Study,1616,1616,555,0,0,0,https://github.com/luyao618/Claude-Code-Source-Study
Chachamaru127/claude-code-harness,2979,2979,289,1,1,0,https://github.com/Chachamaru127/claude-code-harness
Windy3f3f3f3f/claude-code-from-scratch,2283,2283,486,1,1,0,https://github.com/Windy3f3f3f3f/claude-code-from-scratch
AprilNEA/claude-code-source,391,391,610,0,0,0,https://github.com/AprilNEA/claude-code-source
https-deeplearning-ai/sc-claude-code-files,533,533,810,0,0,0,https://github.com/https-deeplearning-ai/sc-claude-code-files
repowise-dev/claude-code-prompts,1158,1158,387,0,0,0,https://github.com/repowise-dev/claude-code-prompts
anthropics/claude-code-base-action,908,908,613,0,0,0,https://github.com/anthropics/claude-code-base-action
anthropics/skills,161439,161439,19078,17,17,5,https://github.com/anthropics/skills
guanshan/ClaudeCode,61,61,213,0,0,0,https://github.com/guanshan/ClaudeCode
JrCx7scC/claude-code-source,371,371,548,0,0,0,https://github.com/JrCx7scC/claude-code-source
edmund-io/edmunds-claude-code,1483,1483,285,0,0,0,https://github.com/edmund-io/edmunds-claude-code
huangjia2019/claude-code-engineering,980,980,353,0,0,0,https://github.com/huangjia2019/claude-code-engineering
carlvellotti/claude-code-pm-course,2138,2138,350,1,1,0,https://github.com/carlvellotti/claude-code-pm-course
jqueryscript/awesome-claude-code,467,467,457,0,0,0,https://github.com/jqueryscript/awesome-claude-code
Pimzino/claude-code-spec-workflow,3795,3795,265,0,0,0,https://github.com/Pimzino/claude-code-spec-workflow
Yeachan-Heo/oh-my-claudecode,37791,37791,3409,1,1,0,https://github.com/Yeachan-Heo/oh-my-claudecode
disler/pi-vs-claude-code,1500,1500,355,2,2,1,https://github.com/disler/pi-vs-claude-code
feiskyer/claude-code-settings,1594,1594,238,0,0,0,https://github.com/feiskyer/claude-code-settings
andrew-kramer-inno/claude-code-source-build,595,595,522,0,0,0,https://github.com/andrew-kramer-inno/claude-code-source-build
darcyegb/ClaudeCodeAgents,748,748,70,0,0,0,https://github.com/darcyegb/ClaudeCodeAgents
AICoderTudou/claude-code-tudou,498,498,395,0,0,0,https://github.com/AICoderTudou/claude-code-tudou
krusemediallc/arcads-claude-code,1013,1013,275,1,1,0,https://github.com/krusemediallc/arcads-claude-code
VILA-Lab/Dive-into-Claude-Code,1904,1904,293,0,0,0,https://github.com/VILA-Lab/Dive-into-Claude-Code
digitalsamba/claude-code-video-toolkit,1752,1752,295,2,2,0,https://github.com/digitalsamba/claude-code-video-toolkit
jeremylongshore/claude-code-plugins-plus-skills,2518,2518,359,0,0,0,https://github.com/jeremylongshore/claude-code-plugins-plus-skills
KPR111/Claude-Code,18,18,325,0,0,0,https://github.com/KPR111/Claude-Code
OrcaWhisper/Claude-Code,85,85,166,1,1,0,https://github.com/OrcaWhisper/Claude-Code
centminmod/my-claude-code-setup,2508,2508,238,2,2,0,https://github.com/centminmod/my-claude-code-setup
alirezarezvani/claude-skills,22658,22658,3151,6,6,1,https://github.com/alirezarezvani/claude-skills
xu-xiang/everything-claude-code-zh,1664,1664,278,0,0,0,https://github.com/xu-xiang/everything-claude-code-zh
simonw/claude-code-transcripts,1616,1616,191,0,0,0,https://github.com/simonw/claude-code-transcripts
luongnv89/claude-howto,39882,39882,4818,4,4,0,https://github.com/luongnv89/claude-howto
asgeirtj/system_prompts_leaks,58106,58106,9604,36,36,3,https://github.com/asgeirtj/system_prompts_leaks
